bairro,populacao,domicilios,v0003,v0004,media_moradores,bairro_key
Recife,541,224,222,2,"2,7",RECIFE
Santo Amaro,27103,11661,11629,32,"2,7",SANTO AMARO
Boa Vista,13147,8328,8266,62,"2,1",BOA VISTA
Soledade,2081,1553,1545,8,"1,9",SOLEDADE
Santo Antônio,447,324,324,0,"2,0",SANTO ANTONIO
Paissandu,568,348,348,0,"2,1",PAISSANDU
Ilha do Leite,990,757,755,2,"2,0",ILHA DO LEITE
Coelhos,5923,2538,2525,13,"2,7",COELHOS
Ilha Joana Bezerra,12257,4766,4765,1,"2,9",ILHA JOANA BEZERRA
Cabanga,1831,835,834,1,"2,7",CABANGA
São José,8876,3906,3898,8,"2,8",SAO JOSE
Derby,1867,865,861,4,"2,5",DERBY
Graças,19694,9071,9065,6,"2,5",GRACAS
Jaqueira,1342,627,627,0,"2,6",JAQUEIRA
Aflitos,4990,2252,2252,0,"2,5",AFLITOS
Espinheiro,10741,5069,5066,3,"2,4",ESPINHEIRO
Rosarinho,7271,3210,3209,1,"2,6",ROSARINHO
Tamarineira,13236,5671,5664,7,"2,6",TAMARINEIRA
Peixinhos,2915,1218,1218,0,"2,8",PEIXINHOS
Campina do Barreto,8757,3508,3508,0,"2,8",CAMPINA DO BARRETO
Arruda,12797,5904,5904,0,"2,8",ARRUDA
Ponto de Parada,2382,1053,1053,0,"2,6",PONTO DE PARADA
Hipódromo,2091,952,952,0,"2,8",HIPODROMO
Campo Grande,31783,13185,13178,7,"2,7",CAMPO GRANDE
Encruzilhada,15249,6868,6853,15,"2,6",ENCRUZILHADA
Torreão,1566,732,731,1,"2,5",TORREAO
Passarinho,24306,9764,9763,1,"2,9",PASSARINHO
Dois Unidos,31437,12580,12576,4,"2,8",DOIS UNIDOS
Linha do Tiro,14202,5622,5622,0,"2,9",LINHA DO TIRO
Beberibe,7089,2936,2936,0,"2,7",BEBERIBE
Alto Santa Terezinha,6620,2611,2611,0,"2,9",ALTO SANTA TEREZINHA
Porto da Madeira,6495,2673,2673,0,"2,7",PORTO DA MADEIRA
Cajueiro,5062,2311,2311,0,"2,7",CAJUEIRO
Fundão,7793,3209,3209,0,"2,8",FUNDAO
Água Fria,39012,15328,15328,0,"2,9",AGUA FRIA
Bomba do Hemetério,7728,3035,3035,0,"2,9",BOMBA DO HEMETERIO
Pau Ferro,89,33,33,0,"3,3",PAU FERRO
Guabiraba,11095,5149,5146,3,"2,8",GUABIRABA
Sítio dos Pintos - São Brás,7996,3656,3655,1,"2,7",SITIO DOS PINTOS - SAO BRAS
Dois Irmãos,3026,1313,1311,2,"2,8",DOIS IRMAOS
Brejo da Guabiraba,10620,4475,4475,0,"2,8",BREJO DA GUABIRABA
Córrego do Jenipapo,8086,3406,3406,0,"2,8",CORREGO DO JENIPAPO
Apipucos,2523,991,990,1,"2,9",APIPUCOS
Macaxeira,20126,7843,7843,0,"2,9",MACAXEIRA
Nova Descoberta,28697,11904,11904,0,"2,8",NOVA DESCOBERTA
Brejo de Beberibe,7738,3234,3234,0,"2,8",BREJO DE BEBERIBE
Alto do Mandu,4221,1697,1696,1,"2,8",ALTO DO MANDU
Casa Amarela,32450,14083,14076,7,"2,6",CASA AMARELA
Vasco da Gama,26631,10773,10773,0,"2,8",VASCO DA GAMA
Alto José Bonifácio,10365,4028,4028,0,"2,9",ALTO JOSE BONIFACIO
Morro da Conceição,8217,3298,3297,1,"2,8",MORRO DA CONCEICAO
Alto José do Pinho,11313,4352,4351,1,"2,9",ALTO JOSE DO PINHO
Mangabeira,6397,2630,2629,1,"2,7",MANGABEIRA
Parnamirim,6954,2957,2957,0,"2,7",PARNAMIRIM
Casa Forte,6307,2571,2568,3,"2,7",CASA FORTE
Santana,2574,1169,1167,2,"2,5",SANTANA
Poço,5542,2215,2214,1,"2,8",POCO
Monteiro,6738,2603,2602,1,"2,9",MONTEIRO
Torre,20872,9419,9415,4,"2,5",TORRE
Cordeiro,37660,16252,16241,11,"2,7",CORDEIRO
Zumbí,4763,2327,2327,0,"2,5",ZUMBI
Madalena,25832,11785,11773,12,"2,6",MADALENA
Prado,11412,4915,4907,8,"2,7",PRADO
Ilha do Retiro,3946,1655,1655,0,"2,8",ILHA DO RETIRO
Bongi,7060,2961,2957,4,"2,8",BONGI
San Martin,23074,9496,9494,2,"2,8",SAN MARTIN
Mustardinha,10642,4350,4349,1,"2,8",MUSTARDINHA
Mangueira,7664,3240,3240,0,"2,7",MANGUEIRA
Várzea,70946,31183,31150,33,"2,7",VARZEA
Caxangá,13813,6175,6173,2,"2,7",CAXANGA
Iputinga,49944,21724,21710,14,"2,7",IPUTINGA
Torrões,31130,12434,12432,2,"2,8",TORROES
Engenho do Meio,9849,4058,4050,8,"2,8",ENGENHO DO MEIO
Cidade Universitária,1819,848,846,2,"2,7",CIDADE UNIVERSITARIA
Afogados,31457,13930,13926,4,"2,7",AFOGADOS
Jiquiá,12051,5295,5295,0,"2,8",JIQUIA
Estância,7408,3323,3321,2,"2,7",ESTANCIA
Areias,26740,11356,11352,4,"2,8",AREIAS
Caçote,8738,3698,3698,0,"2,7",CACOTE
Curado,16559,7033,7023,10,"2,8",CURADO
Totó,2074,880,880,0,"2,8",TOTO
Coqueiral,9427,4189,4189,0,"2,7",COQUEIRAL
Sancho,12768,3082,3079,3,"2,7",SANCHO
Tejipió,9835,4571,4571,0,"2,6",TEJIPIO
Jardim São Paulo,29996,13160,13160,0,"2,7",JARDIM SAO PAULO
Barro,30565,12864,12860,4,"2,8",BARRO
Cohab,62632,25723,25719,4,"2,9",COHAB
Jordão,20449,8233,8233,0,"2,9",JORDAO
Ibura,45448,19061,19057,4,"2,8",IBURA
Ipsep,20610,9168,9164,4,"2,7",IPSEP
Imbiribeira,52158,22330,22318,12,"2,7",IMBIRIBEIRA
Boa Viagem,125805,62639,62388,251,"2,5",BOA VIAGEM
Pina,29195,13954,13939,15,"2,5",PINA
Brasília Teimosa,16685,7028,7028,0,"2,7",BRASILIA TEIMOSA
